Locuteur, durée (s)
L1,13.102774182343197
L2,55.1528174924873
L3,103.41610440174685
L4, 11.94810632404996
L5,0.8516255858174873 